id;street_address;postal_code;city;state_province;name;email;phone;type
1;following underneath geez;likely a;Lake Jarvis;delightfully stable innovate;video delightfully;Maryam94@gmail.com;1-662-397-4964 x214;Hotel
2;denitrify scratchy onto;er fall;Round Rock;bathhouse;abaft;Haskell85@yahoo.com;882.201.7756;GuestHouse
3;opposite opposite sleepily;packaging;Rheaboro;live;moisten who than;Cathryn85@hotmail.com;356.405.4031 x72566;Riad
4;although alert;spirited;Houston;yieldingly huzzah;whereas;Rod.Ratke@hotmail.com;1-358-343-7317 x09598;Gite
5;generously incidentally detain;impressive;Johnstonberg;obedience phew;courtroom pleased helpfully;Norwood.Stehr@hotmail.com;368.847.9498 x8425;Riad
6;now without;ew recovery;Port Enosbury;rise;concerning among traditionalism;Corine_Morar@gmail.com;1-757-808-1347;Hotel
7;gum meaningfully;highly concerning;South Dion;blah deeply;except considering inspect;Ludwig.Cormier@hotmail.com;(796) 930-3073 x9547;Auberge
8;even ha sew;knickers incidentally unique;West Laurieborough;battle miskey;excepting pish;Zoila31@gmail.com;318.370.4607 x5235;GuestHouse
9;once;satisfy indeed;Durham;outset those;cap impartial;Gilberto_Thompson-Kassulke@yahoo.com;770.265.1841 x3753;Hotel
10;supposing;better nougat mockingly;Milwaukee;partially igloo;excepting forgo;Norval_Kuvalis43@gmail.com;1-598-707-2742 x212;Hostal
